file,class,명칭,국적/시대,출토지,소장품번호,height_cm,height_is_current,mouth_cm,base_cm,foot_h_cm,tiers,per_tier,has_tuchang,has_doldae,is_broken,has_image,크기
굽다리 바리_PS0100100101101606800000_0.jpg,plain,굽다리 바리,한국 - 삼국,강원도-강릉시,신수 16068,16.5,False,16.0,,,,,False,False,False,True,"높이 16.5cm, 입지름 16cm"
굽다리 바리_PS0100100101700087300000_0.jpg,plain,굽다리 바리,한국 - 가야,,증 873,14.4,False,17.9,,,,,False,False,False,True,"높이 14.4cm, 입지름 17.9cm"
굽다리접시_PS0100300100100044500000_0.jpg,dish,굽다리접시,한국 - 삼국,,인천소장 445,17.0,False,,,,,,False,False,False,True,높이 17cm
굽다리바리_PS0100508400100183500000_0.jpg,plain,굽다리바리,한국 - 삼국,,대구대 1835,15.0,False,18.1,11.2,5.5,,,False,False,False,True,"높이 15cm, 입지름 18.1cm, 받침지름 11.2cm, 굽높이 5.5cm, 두께 0.5cm"
굽다리바리_PS0100508400100183400000_0.jpg,plain,굽다리바리,한국 - 삼국,,대구대 1834,17.5,False,20.0,12.3,6.1,,,False,False,False,True,"높이 17.5cm, 입지름 20cm, 받침지름 12.3cm, 굽높이 6.1cm, 두께 0.5cm"
굽다리바리_PS0100100201807188500000_0.jpg,plain,굽다리바리,한국 - 삼국,경상북도-포항시,경신 71885,14.4,False,,,,,,False,False,False,True,높이 14.4cm
굽다리바리_PS0100100201807185300000_0.jpg,plain,굽다리바리,한국 - 삼국,경상북도-포항시,경신 71853,13.9,False,,,,,,False,False,False,True,높이 13.9cm
손잡이달린굽다리바리_PS0100100201807172400000_0.jpg,handled,손잡이달린굽다리바리,한국 - 삼국,경상북도-포항시,경신 71724,15.8,False,,,,,,False,False,False,True,높이 15.8cm
굽다리바리_PS0100100201807148900000_0.jpg,plain,굽다리바리,한국 - 삼국,경상북도-포항시,경신 71489,15.0,False,,,,,,False,False,False,True,높이 15.0cm
손잡이달린굽다리바리_PS0100100201807148800000_0.jpg,handled,손잡이달린굽다리바리,한국 - 삼국,경상북도-포항시,경신 71488,15.0,True,,,,,,False,False,False,True,현재높이 15.0cm
굽다리바리_PS0100100201807135600000_0.jpg,plain,굽다리바리,한국 - 삼국,경상북도-포항시,경신 71356,14.7,False,,,,,,False,False,False,True,높이 14.7cm
굽다리바리_PS0100100201807131900000_0.jpg,plain,굽다리바리,한국 - 삼국,경상북도-포항시,경신 71319,14.2,False,,,,,,False,False,False,True,높이 14.2cm
손잡이달린굽다리바리_PS0100100201807126700000_0.jpg,handled,손잡이달린굽다리바리,한국 - 삼국,경상북도-포항시,경신 71267,19.3,False,,,,,,False,False,False,True,높이 19.3cm
굽다리바리_PS0100100201807115000000_0.jpg,plain,굽다리바리,한국 - 삼국,경상북도-포항시,경신 71150,11.3,False,,,,,,False,False,False,True,높이 11.3cm
손잡이달린굽다리바리_PS0100100201807120900000_0.jpg,handled,손잡이달린굽다리바리,한국 - 삼국,경상북도-포항시,경신 71209,11.4,False,,,,,,False,False,False,True,높이 11.4cm
손잡이달린굽다리바리_PS0100100201807121200000_0.jpg,handled,손잡이달린굽다리바리,한국 - 삼국,경상북도-포항시,경신 71212,17.3,False,,,,,,False,False,False,True,높이 17.3cm
굽다리바리_PS0100100201807114900000_0.jpg,plain,굽다리바리,한국 - 삼국,경상북도-포항시,경신 71149,14.1,False,,,,,,False,False,False,True,높이 14.1cm
손잡이달린굽다리바리_PS0100100201807114800000_0.jpg,handled,손잡이달린굽다리바리,한국 - 삼국,경상북도-포항시,경신 71148,14.8,False,,,,,,False,False,False,True,높이 14.8cm
굽다리바리2-1.jpg,handled,손잡이달린굽다리바리,한국-삼국,경주시,경주 고적 11504,14.2,False,14.6,,,,,False,False,False,True,"높이 14.2cm, 입지름 14.6cm"
손잡이달린굽다리바리2-2.jpg,handled,손잡이달린굽다리바리,한국-삼국,경주시,경주 고적 11505,13.9,False,14.0,,,,,False,False,False,True,"높이 13.9cm, 입지름 14.0cm"
손잡이달린굽다리바리2-3.jpg,handled,손잡이달린굽다리바리,한국-신라,경주시,경주 고적 13472,15.0,True,,,,,,False,False,False,True,"현재높이 15.0cm, 바닥지름 10.5cm"
손잡이달린굽다리바리2-4.jpg,handled,굽다리바리,한국-신라,경주시,경주 569,14.7,False,15.5,,,,,False,False,True,True,"높이 14.7cm, 입지름 15.5cm"
굽다리바리2-5.jpg,plain,굽다리바리,한국-신라,달성군,경주 583,16.0,False,17.9,,,,,False,False,True,True,"높이 16cm, 입지름 17.9cm"
굽다리바리2-6.jpg,plain,굽다리바리,한국-신라,영주시,경주 887,14.2,False,16.5,,,,,False,False,False,True,"전체높이 14.2cm, 입지름 16.5cm"
굽다리바리2-7.jpg,plain,굽다리바리,한국-신라,울산시,경주 1360,13.5,False,12.5,,,,,False,False,True,True,"높이 13.5cm, 입지름 12.5cm"
굽다리바리2-8.jpg,plain,굽다리바리,한국-신라,포항시,경주 2027,13.0,False,15.5,,,,,False,False,False,True,"높이 13cm, 입지름 15.5cm"
손잡이달린굽다리바리2-9.jpg,handled,굽다리바리,-,경주시,경주 4437,15.0,False,15.2,,,,,False,False,False,True,"높이 15cm, 입지름 15.2cm"
손잡이달린굽다리바리2-10.jpg,handled,손잡이달린굽다리바리,한국-신라,경주시,경주 4614,13.8,False,17.7,,,,,False,False,True,True,"높이 13.8cm, 입지름 17.7cm"
손잡이달린굽다리바리2-11.jpg,handled,손잡이달린굽다리바리,한국-신라,경주시,경주 4614,13.8,False,17.7,,,,,False,False,True,True,"높이 13.8cm, 입지름 17.7cm"
굽다리바리2-12.jpg,plain,굽다리바리,한국-신라,경주시,경주 5736,9.0,False,11.2,,,1,,False,False,True,True,"높이 9cm, 입지름 11.2cm"
굽다리바리2-13.jpg,plain,굽다리바리,한국-신라,경주시,경주 5756,8.8,False,10.7,,,1,4,True,False,False,True,"높이 8.8cm, 입지름 10.7cm"
굽다리바리2-14.jpg,plain,굽다리바리,한국-신라,경주시,경주 5757,10.3,False,11.4,,,1,4,True,True,False,True,"높이 10.3cm, 입지름 11.4cm"
굽다리바리2-15.jpg,plain,굽다리바리,한국-신라,경주시,경주 5758,11.0,False,12.9,,,2,4,True,False,True,True,"높이 11cm, 입지름 12.9cm"
굽다리바리2-16.jpg,plain,굽다리바리,한국-신라,경주시,경주 6311,10.2,False,11.7,,,,3,True,False,True,True,"높이 10.2cm, 입지름 11.7cm"
굽다리바리2-17.jpg,plain,굽다리바리,한국-신라,경주시,경주 6312,10.1,False,11.8,,,,3,True,False,True,True,"높이 10.1cm, 입지름 11.8cm"
굽다리바리2-18.jpg,plain,굽다리바리,한국-신라,경주시,경주 6313,12.2,False,13.2,,,,3,True,False,True,True,"높이 12.2cm, 입지름 13.2cm"
굽다리바리2-19.jpg,plain,굽다리바리,한국-신라,포항시,경주 8475,8.1,False,9.7,,,,,True,False,True,True,"높이 8.1cm, 입지름 9.7cm"
굽다리바리2-20.jpg,plain,굽다리바리,한국-신라,포항시,경주 8476,6.8,False,9.0,,,,,True,False,True,True,"높이 6.8cm, 입지름 9cm"
굽다리바리2-21.jpg,plain,굽다리바리,한국-신라,포항시,경주 8477,7.6,False,10.3,,,1,3,True,False,True,True,"높이 7.6cm, 입지름 10.3cm"
굽다리바리2-22.jpg,plain,굽다리바리,한국-신라,포항시,경주 8478,7.5,False,9.8,,,,3,True,True,False,True,"높이 7.5cm, 입지름 9.8cm"
굽다리바리2-23.jpg,plain,굽다리바리,한국-신라,포항시,경주 8480,6.5,False,9.8,,,,1,True,True,True,True,"높이 6.5cm, 입지름 9.8cm"
손잡이달린굽다리바리2-24.jpg,handled,손잡이달린굽다리바리,한국-신라,포항시,경주 8485,7.2,False,8.5,,,2,3,True,False,True,True,"높이 7.2cm, 입지름 8.5cm"
손잡이달린굽다리바리2-25.jpg,handled,손잡이달린굽다리바리,한국-신라,경주시,경주 8712,8.7,False,11.5,,,1,,True,True,True,True,"높이 8.7cm, 입지름 11.5cm"
